<?xml version="1.0" encoding="UTF-8"?>
<!DOCTYPE hibernate-configuration PUBLIC
		"-//Hibernate/Hibernate Configuration DTD 3.0//EN"
		"http://hibernate.sourceforge.net/hibernate-configuration-3.0.dtd">
<hibernate-configuration>
    <session-factory>
       <property name="hibernate.connection.driver_class">com.mysql.cj.jdbc.Driver</property>
		<property name="hibernate.connection.url">jdbc:mysql://localhost:3306/julyfsd</property>
		<property name="hibernate.connection.username">root</property>
		<property name="connection.password">root</property>
		<property name="connection.pool_size">1</property>
		<property name="hibernate.dialect">org.hibernate.dialect.MySQLDialect</property>
		<property name="show_sql">true</property>
	    <property name="format_sql">true</property>
		<property name="hbm2ddl.auto">create</property>
        <mapping class="com.saran.Employee"/>
        <mapping class="com.saran.Meeting"/>
    </session-factory>
</hibernate-configuration>
